<?xml version="1.0" encoding="UTF-8"?>
<modes>

  <!-- cat → deu -->

  <mode name="cat-deu" install="yes" gendebug="yes">
    <pipeline>
      <program name="lt-proc -w">
        <file name="cat-deu.automorf.bin"/>
      </program>


      <program name="cg-proc -w">
        <file name="cat-deu.rlx.bin"/>
      </program>
      <program name="apertium-tagger -g $2">
        <file name="cat-deu.prob"/>
      </program>
      <program name="apertium-pretransfer"/>
      <program name="lt-proc -b">
        <file name="cat-deu.autobil.bin"/>
      </program>
      <program name="lrx-proc">
        <file name="cat-deu.autolex.bin"/>
      </program>
      <program name="apertium-transfer -b">
        <file name="apertium-cat-deu.cat-deu.t1x"/>
        <file name="cat-deu.t1x.bin"/>
      </program>
      <program name="apertium-interchunk">
        <file name="apertium-cat-deu.cat-deu.t2x"/>
        <file name="cat-deu.t2x.bin"/>
      </program>
      <program name="apertium-postchunk">
        <file name="apertium-cat-deu.cat-deu.t3x"/>
        <file name="cat-deu.t3x.bin"/>
      </program>
      <program name="lt-proc $1">
        <file name="cat-deu.autogen.bin"/>
      </program>

      <program name="lt-proc -p">
        <file name="cat-deu.autopgen.bin"/>
      </program>
    </pipeline>
  </mode>

  <!-- deu → cat -->

  <mode name="deu-cat" install="yes" gendebug="yes">
    <pipeline>
      <program name="lt-proc -w">
        <file name="deu-cat.automorf.bin"/>
      </program>


      <program name="cg-proc -w">
        <file name="deu-cat.rlx.bin"/>
      </program>
      <program name="apertium-tagger -g $2">
        <file name="deu-cat.prob"/>
      </program>
      <program name="apertium-pretransfer"/>
      <program name="lt-proc -b">
        <file name="deu-cat.autobil.bin"/>
      </program>
      <program name="lrx-proc">
        <file name="deu-cat.autolex.bin"/>
      </program>
      <program name="apertium-transfer -b">
        <file name="apertium-cat-deu.deu-cat.t1x"/>
        <file name="deu-cat.t1x.bin"/>
      </program>
      <program name="apertium-interchunk">
        <file name="apertium-cat-deu.deu-cat.t2x"/>
        <file name="deu-cat.t2x.bin"/>
      </program>
      <program name="apertium-postchunk">
        <file name="apertium-cat-deu.deu-cat.t3x"/>
        <file name="deu-cat.t3x.bin"/>
      </program>
      <program name="lt-proc $1">
        <file name="deu-cat.autogen.bin"/>
      </program>

      <program name="lt-proc -p">
        <file name="deu-cat.autopgen.bin"/>
      </program>
    </pipeline>
  </mode>
</modes>

